{
    "random_forest": {
        "accuracy": 0.855,
        "precision": 0.8562091503267973,
        "recall": 0.9492753623188406,
        "f1": 0.9003436426116839,
        "roc_auc": 0.8914212248714353,
        "train_accuracy": 0.8947368421052632,
        "cv_mean": 0.8521619496855346,
        "best_params": {
            "max_depth": 7,
            "max_features": "sqrt",
            "min_samples_leaf": 6,
            "min_samples_split": 15,
            "n_estimators": 100
        }
    },
    "gradient_boosting": {
        "accuracy": 0.865,
        "precision": 0.8627450980392157,
        "recall": 0.9565217391304348,
        "f1": 0.9072164948453608,
        "roc_auc": 0.929523141654979,
        "train_accuracy": 0.9448621553884712,
        "cv_mean": 0.8746933962264152,
        "best_params": {
            "learning_rate": 0.05,
            "max_depth": 4,
            "min_samples_leaf": 6,
            "min_samples_split": 15,
            "n_estimators": 100,
            "subsample": 0.7
        }
    },
    "svm": {
        "accuracy": 0.76,
        "precision": 0.8,
        "recall": 0.8695652173913043,
        "f1": 0.8333333333333333,
        "roc_auc": 0.7845956054230948,
        "train_accuracy": 0.8533834586466166,
        "cv_mean": 0.7857232704402516,
        "best_params": {
            "C": 1.0,
            "gamma": "scale",
            "kernel": "rbf"
        }
    }
}